Workbook

Sheet راهنما
A1: Metatya | دفترچه معاملات و مدیریت ریسک (نسخه‌ی رایگان)
A3: چطور استفاده کنم؟
A4: ۱) در برگه‌ی «تنظیمات» سرمایه‌ی اولیه و درصد ریسک خودتان را وارد کنید (خانه‌های زردِ آبی‌رنگ).
A5: ۲) قبل از هر معامله، «چک‌لیست قبل از معامله» را بخوانید و «محاسبه حجم» حجم مجاز را حساب می‌کند.
A6: ۳) بعد از بستن معامله، یک ردیف در «دفترچه معاملات» پر کنید؛ ستون‌های سود/زیان، R و نتیجه خودکارند.
A7: ۴) ردیف ۵ یک «نمونه» است؛ پیش از شروع پاکش کنید (فقط ستون‌های ورودی؛ فرمول‌ها را پاک نکنید).
A8: راهنمای رنگ‌ها: خانه‌ی زرد با متن آبی = ورودی شما · متن مشکی = فرمول (دست نزنید).
A9: ستون «حجم» و «ارزش هر ۱ واحد حرکت» را مطابق بازار خود پر کنید: سهام/کریپتو معمولاً ارزش=۱ و حجم=تعداد؛ در فارکس حجم=تعداد واحد (۱ لات استاندارد=۱۰۰٬۰۰۰) و ارزش=۱ (به واحد پول حساب).
A10: R-multiple یعنی سود/زیان را بر ریسک اولیه‌ی همان معامله تقسیم کنیم؛ +2R یعنی دو برابر ریسک سود کرده‌اید.
A11: برگه‌ی «پرتفوی بورس»: نماد، تعداد، میانگین خرید و قیمت روز را بنویس؛ ارزش خالص (بعد از کارمزد فروش)، سود/زیان، وزن هر نماد و هشدار تمرکز خودکار حساب می‌شود.
A12: سلب مسئولیت: این فایل ابزار ثبت و آموزش است؛ توصیه‌ی سرمایه‌گذاری یا وعده‌ی سود نیست. معامله‌ی بازارهای مالی ریسک زیان دارد.
A13: Metatya · t.me/maytya · youtube.com/@maytyaFx · instagram.com/maytyafx

Sheet تنظیمات
A1: تنظیمات حساب
A3: پارامتر | B3: مقدار | C3: توضیح
A4: سرمایه‌ی اولیه | B4: 10000 | C4: عدد خودتان را بنویسید (نمونه: ۱۰٬۰۰۰)
A5: درصد ریسک هر معامله | B5: 0.01 | C5: پیشنهاد آموزشی: ۰٫۵٪ تا ۱٪؛ عدد انتخاب‌شده با خودتان است
A6: سقف ضرر مجاز ۷ روز اخیر (٪ سرمایه) | B6: 0.05 | C6: اگر زیان ۷ روزه از این بیشتر شد، داشبورد «توقف» می‌دهد
A7: حداقل نسبت سود به ریسک (R:R) | B7: 1.5 | C7: معامله‌ی کمتر از این عدد در ماشین‌حساب «رد» می‌شود
A8: واحد پول | B8: USD | C8: فقط برچسب است

Sheet محاسبه حجم
A1: ماشین‌حساب حجم معامله
A3: ورودی | B3: مقدار | C3: توضیح
A4: قیمت ورود | B4: 1.128
A5: حد ضرر | B5: 1.133 | C5: باید با جهت معامله هم‌خوان باشد
A6: هدف | B6: 1.118
A7: ارزش هر ۱ واحد حرکت قیمت | B7: 1 | C7: مثل دفترچه: معمولاً ۱ (فارکس: به واحد پول حساب)
A9: خروجی | B9: مقدار | C9: توضیح
A10: سرمایه‌ی فعلی | B10: =تنظیمات!$B$4+SUM('دفترچه معاملات'!$K$5:$K$24) -> 10070 | C10: سرمایه‌ی اولیه + مجموع سود/زیان دفترچه
A11: مبلغ ریسک این معامله | B11: =B10*تنظیمات!$B$5 -> 100.7 | C11: سرمایه × درصد ریسک
A12: فاصله‌ی حد ضرر | B12: =ABS(B4-B5) -> 0.005
A13: حجم مجاز | B13: =IF(OR(B12=0,B7=0),"",B11/(B12*B7)) -> 20140 | C13: ریسک ÷ (فاصله × ارزش هر واحد)
A14: نسبت سود به ریسک (R:R) | B14: =IF(B12=0,"",ABS(B6-B4)/B12) -> 2
A15: سود احتمالی تا هدف | B15: =IF(B13="","",B13*ABS(B6-B4)*B7) -> 201.4
A16: وضعیت | B16: =IF(B14="","ورودی را کامل کنید",IF(B14>=تنظیمات!$B$7,"✅ R:R قابل قبول","❌ R:R کمتر از حداقل؛ وارد نشوید")) -> ✅ R:R قابل قبول

Sheet چک‌لیست قبل از معامله
A1: چک‌لیست قبل از معامله
A3: مورد | B3: بله/خیر | C3: توضیح
A4: سناریوی معامله را در یک جمله نوشته‌ام
A5: حد ضرر قبل از ورود مشخص است
A6: ریسک پولی از درصد مجاز بیشتر نیست
A7: نسبت سود به ریسک از حداقل بیشتر است
A8: خبر مهم اقتصادی در ۳۰ دقیقه‌ی آینده نیست
A9: ذهنم آرام است (انتقام، ترس یا هیجان ندارم)
A10: این معامله بخشی از برنامه‌ی مکتوب من است
A11: سقف ضرر هفتگی را رد نکرده‌ام
A13: نتیجه | B13: =IF(COUNTIF(B4:B11,"بله")=8,"✅ مجاز به ورود","⛔ هنوز نه") -> ⛔ هنوز نه
A14: اگر حتی یک مورد «خیر» است، صبر کنید؛ نمونه‌ای از پشیمانی‌های معمول معامله‌گران از همین موارد شروع می‌شود.

Sheet دفترچه معاملات
A1: دفترچه معاملات
A2: ردیف ۵ نمونه است (پاک کنید). تاریخ را میلادی بنویسید (مثل 2026-10-02). فقط خانه‌های زرد را پر کنید؛ ستون‌های K تا M و Q تا R خودکارند.
A4: # | B4: تاریخ | C4: نماد | D4: جهت | E4: قیمت ورود | F4: حد ضرر | G4: هدف | H4: قیمت خروج | I4: حجم | J4: ارزش هر ۱ واحد حرکت | K4: سود/زیان | L4: R | M4: نتیجه | N4: حالت ذهنی | O4: قوانین رعایت شد؟ | P4: دلیل ورود / یادداشت | Q4: سرمایه‌ی تجمعی | R4: افت از سقف
A5: 1 | B5: 46297 | C5: EUR/USD | D5: فروش | E5: 1.128 | F5: 1.133 | G5: 1.118 | H5: 1.121 | I5: 10000 | J5: 1 | K5: =IF(OR(H5="",E5=""),"",IF(D5="خرید",H5-E5,E5-H5)*I5*J5) -> 70 | L5: =IF(K5="","",IFERROR(K5/(ABS(E5-F5)*I5*J5),"")) -> 1.4 | M5: =IF(K5="","",IF(K5>0,"برد",IF(K5<0,"باخت","سربه‌سر"))) -> برد | N5: آرام | O5: بله | P5: نمونه: شکست حمایت ۱٫۱۳۱۲ و ورود در پولبک | Q5: =IF(K5="","",تنظیمات!$B$4+SUM(K$5:K5)) -> 10070 | R5: =IF(Q5="","",Q5/MAX(تنظیمات!$B$4,MAX(Q$5:Q5))-1) -> 0
A6: 2 | K6: =IF(OR(H6="",E6=""),"",IF(D6="خرید",H6-E6,E6-H6)*I6*J6) | L6: =IF(K6="","",IFERROR(K6/(ABS(E6-F6)*I6*J6),"")) | M6: =IF(K6="","",IF(K6>0,"برد",IF(K6<0,"باخت","سربه‌سر"))) | Q6: =IF(K6="","",تنظیمات!$B$4+SUM(K$5:K6)) | R6: =IF(Q6="","",Q6/MAX(تنظیمات!$B$4,MAX(Q$5:Q6))-1)
A7: 3 | K7: =IF(OR(H7="",E7=""),"",IF(D7="خرید",H7-E7,E7-H7)*I7*J7) | L7: =IF(K7="","",IFERROR(K7/(ABS(E7-F7)*I7*J7),"")) | M7: =IF(K7="","",IF(K7>0,"برد",IF(K7<0,"باخت","سربه‌سر"))) | Q7: =IF(K7="","",تنظیمات!$B$4+SUM(K$5:K7)) | R7: =IF(Q7="","",Q7/MAX(تنظیمات!$B$4,MAX(Q$5:Q7))-1)
A8: 4 | K8: =IF(OR(H8="",E8=""),"",IF(D8="خرید",H8-E8,E8-H8)*I8*J8) | L8: =IF(K8="","",IFERROR(K8/(ABS(E8-F8)*I8*J8),"")) | M8: =IF(K8="","",IF(K8>0,"برد",IF(K8<0,"باخت","سربه‌سر"))) | Q8: =IF(K8="","",تنظیمات!$B$4+SUM(K$5:K8)) | R8: =IF(Q8="","",Q8/MAX(تنظیمات!$B$4,MAX(Q$5:Q8))-1)
A9: 5 | K9: =IF(OR(H9="",E9=""),"",IF(D9="خرید",H9-E9,E9-H9)*I9*J9) | L9: =IF(K9="","",IFERROR(K9/(ABS(E9-F9)*I9*J9),"")) | M9: =IF(K9="","",IF(K9>0,"برد",IF(K9<0,"باخت","سربه‌سر"))) | Q9: =IF(K9="","",تنظیمات!$B$4+SUM(K$5:K9)) | R9: =IF(Q9="","",Q9/MAX(تنظیمات!$B$4,MAX(Q$5:Q9))-1)
A10: 6 | K10: =IF(OR(H10="",E10=""),"",IF(D10="خرید",H10-E10,E10-H10)*I10*J10) | L10: =IF(K10="","",IFERROR(K10/(ABS(E10-F10)*I10*J10),"")) | M10: =IF(K10="","",IF(K10>0,"برد",IF(K10<0,"باخت","سربه‌سر"))) | Q10: =IF(K10="","",تنظیمات!$B$4+SUM(K$5:K10)) | R10: =IF(Q10="","",Q10/MAX(تنظیمات!$B$4,MAX(Q$5:Q10))-1)
A11: 7 | K11: =IF(OR(H11="",E11=""),"",IF(D11="خرید",H11-E11,E11-H11)*I11*J11) | L11: =IF(K11="","",IFERROR(K11/(ABS(E11-F11)*I11*J11),"")) | M11: =IF(K11="","",IF(K11>0,"برد",IF(K11<0,"باخت","سربه‌سر"))) | Q11: =IF(K11="","",تنظیمات!$B$4+SUM(K$5:K11)) | R11: =IF(Q11="","",Q11/MAX(تنظیمات!$B$4,MAX(Q$5:Q11))-1)
A12: 8 | K12: =IF(OR(H12="",E12=""),"",IF(D12="خرید",H12-E12,E12-H12)*I12*J12) | L12: =IF(K12="","",IFERROR(K12/(ABS(E12-F12)*I12*J12),"")) | M12: =IF(K12="","",IF(K12>0,"برد",IF(K12<0,"باخت","سربه‌سر"))) | Q12: =IF(K12="","",تنظیمات!$B$4+SUM(K$5:K12)) | R12: =IF(Q12="","",Q12/MAX(تنظیمات!$B$4,MAX(Q$5:Q12))-1)
A13: 9 | K13: =IF(OR(H13="",E13=""),"",IF(D13="خرید",H13-E13,E13-H13)*I13*J13) | L13: =IF(K13="","",IFERROR(K13/(ABS(E13-F13)*I13*J13),"")) | M13: =IF(K13="","",IF(K13>0,"برد",IF(K13<0,"باخت","سربه‌سر"))) | Q13: =IF(K13="","",تنظیمات!$B$4+SUM(K$5:K13)) | R13: =IF(Q13="","",Q13/MAX(تنظیمات!$B$4,MAX(Q$5:Q13))-1)
A14: 10 | K14: =IF(OR(H14="",E14=""),"",IF(D14="خرید",H14-E14,E14-H14)*I14*J14) | L14: =IF(K14="","",IFERROR(K14/(ABS(E14-F14)*I14*J14),"")) | M14: =IF(K14="","",IF(K14>0,"برد",IF(K14<0,"باخت","سربه‌سر"))) | Q14: =IF(K14="","",تنظیمات!$B$4+SUM(K$5:K14)) | R14: =IF(Q14="","",Q14/MAX(تنظیمات!$B$4,MAX(Q$5:Q14))-1)
A15: 11 | K15: =IF(OR(H15="",E15=""),"",IF(D15="خرید",H15-E15,E15-H15)*I15*J15) | L15: =IF(K15="","",IFERROR(K15/(ABS(E15-F15)*I15*J15),"")) | M15: =IF(K15="","",IF(K15>0,"برد",IF(K15<0,"باخت","سربه‌سر"))) | Q15: =IF(K15="","",تنظیمات!$B$4+SUM(K$5:K15)) | R15: =IF(Q15="","",Q15/MAX(تنظیمات!$B$4,MAX(Q$5:Q15))-1)
A16: 12 | K16: =IF(OR(H16="",E16=""),"",IF(D16="خرید",H16-E16,E16-H16)*I16*J16) | L16: =IF(K16="","",IFERROR(K16/(ABS(E16-F16)*I16*J16),"")) | M16: =IF(K16="","",IF(K16>0,"برد",IF(K16<0,"باخت","سربه‌سر"))) | Q16: =IF(K16="","",تنظیمات!$B$4+SUM(K$5:K16)) | R16: =IF(Q16="","",Q16/MAX(تنظیمات!$B$4,MAX(Q$5:Q16))-1)
A17: 13 | K17: =IF(OR(H17="",E17=""),"",IF(D17="خرید",H17-E17,E17-H17)*I17*J17) | L17: =IF(K17="","",IFERROR(K17/(ABS(E17-F17)*I17*J17),"")) | M17: =IF(K17="","",IF(K17>0,"برد",IF(K17<0,"باخت","سربه‌سر"))) | Q17: =IF(K17="","",تنظیمات!$B$4+SUM(K$5:K17)) | R17: =IF(Q17="","",Q17/MAX(تنظیمات!$B$4,MAX(Q$5:Q17))-1)
... A24: 20 | K24: =IF(OR(H24="",E24=""),"",IF(D24="خرید",H24-E24,E24-H24)*I24*J24) | L24: =IF(K24="","",IFERROR(K24/(ABS(E24-F24)*I24*J24),"")) | M24: =IF(K24="","",IF(K24>0,"برد",IF(K24<0,"باخت","سربه‌سر"))) | Q24: =IF(K24="","",تنظیمات!$B$4+SUM(K$5:K24)) | R24: =IF(Q24="","",Q24/MAX(تنظیمات!$B$4,MAX(Q$5:Q24))-1)

Sheet پرتفوی بورس
A1: ردیاب پرتفوی بورس (ریال)
A2: کارمزد و مالیات فروش (٪ از ارزش) | D2: 0.0088 | E2: در نمونه‌ی اپ کارگزاری مرجع، «ارزش فعلی» حدود ۰٫۸۸٪ کمتر از تعداد×قیمت بود؛ نرخ کارگزاری خودت را بنویس
A3: قدرت خرید (ریال) | D3: 19899409 | E3: از اپ کارگزاری بردار؛ عدد نمونه است
A4: حداکثر وزن مجاز هر نماد | D4: 0.25 | E4: بالاتر از این عدد هشدار تمرکز می‌دهد (قانون خودت را بنویس)
A5: نماد | B5: تعداد | C5: میانگین قیمت خرید | D5: آخرین قیمت | E5: قیمت پایانی | F5: ارزش فعلی (خالص) | G5: هزینه‌ی کل | H5: سود/زیان | I5: سود/زیان ٪ | J5: تغییر امروز ٪ | K5: وزن در پرتفوی | L5: هشدار
A6: نمونه ۱ | B6: 1000 | C6: 10000 | D6: 12000 | E6: 11900 | F6: =IF(OR(B6="",D6=""),"",B6*D6*(1-$D$2)) -> 11894400 | G6: =IF(OR(B6="",C6=""),"",B6*C6) -> 10000000 | H6: =IF(OR(F6="",G6=""),"",F6-G6) -> 1894400 | I6: =IF(OR(H6="",G6="",G6=0),"",H6/G6) -> 0.18944 | J6: =IF(OR(D6="",E6="",E6=0),"",D6/E6-1) -> 0.0084033613 | K6: =IF(OR(F6="",$F$22=0),"",F6/$F$22) -> 0.29268293 | L6: =IF(K6="","",IF(K6>$D$4,"⚠️ تمرکز بالا","")) -> ⚠️ تمرکز بالا
A7: نمونه ۲ | B7: 500 | C7: 25000 | D7: 22000 | E7: 22500 | F7: =IF(OR(B7="",D7=""),"",B7*D7*(1-$D$2)) -> 10903200 | G7: =IF(OR(B7="",C7=""),"",B7*C7) -> 12500000 | H7: =IF(OR(F7="",G7=""),"",F7-G7) -> -1596800 | I7: =IF(OR(H7="",G7="",G7=0),"",H7/G7) -> -0.127744 | J7: =IF(OR(D7="",E7="",E7=0),"",D7/E7-1) -> -0.022222222 | K7: =IF(OR(F7="",$F$22=0),"",F7/$F$22) -> 0.26829268 | L7: =IF(K7="","",IF(K7>$D$4,"⚠️ تمرکز بالا","")) -> ⚠️ تمرکز بالا
A8: نمونه ۳ | B8: 200 | C8: 80000 | D8: 90000 | E8: 90000 | F8: =IF(OR(B8="",D8=""),"",B8*D8*(1-$D$2)) -> 17841600 | G8: =IF(OR(B8="",C8=""),"",B8*C8) -> 16000000 | H8: =IF(OR(F8="",G8=""),"",F8-G8) -> 1841600 | I8: =IF(OR(H8="",G8="",G8=0),"",H8/G8) -> 0.1151 | J8: =IF(OR(D8="",E8="",E8=0),"",D8/E8-1) -> 0 | K8: =IF(OR(F8="",$F$22=0),"",F8/$F$22) -> 0.43902439 | L8: =IF(K8="","",IF(K8>$D$4,"⚠️ تمرکز بالا","")) -> ⚠️ تمرکز بالا
F9: =IF(OR(B9="",D9=""),"",B9*D9*(1-$D$2)) | G9: =IF(OR(B9="",C9=""),"",B9*C9) | H9: =IF(OR(F9="",G9=""),"",F9-G9) | I9: =IF(OR(H9="",G9="",G9=0),"",H9/G9) | J9: =IF(OR(D9="",E9="",E9=0),"",D9/E9-1) | K9: =IF(OR(F9="",$F$22=0),"",F9/$F$22) | L9: =IF(K9="","",IF(K9>$D$4,"⚠️ تمرکز بالا",""))
F10: =IF(OR(B10="",D10=""),"",B10*D10*(1-$D$2)) | G10: =IF(OR(B10="",C10=""),"",B10*C10) | H10: =IF(OR(F10="",G10=""),"",F10-G10) | I10: =IF(OR(H10="",G10="",G10=0),"",H10/G10) | J10: =IF(OR(D10="",E10="",E10=0),"",D10/E10-1) | K10: =IF(OR(F10="",$F$22=0),"",F10/$F$22) | L10: =IF(K10="","",IF(K10>$D$4,"⚠️ تمرکز بالا",""))
F11: =IF(OR(B11="",D11=""),"",B11*D11*(1-$D$2)) | G11: =IF(OR(B11="",C11=""),"",B11*C11) | H11: =IF(OR(F11="",G11=""),"",F11-G11) | I11: =IF(OR(H11="",G11="",G11=0),"",H11/G11) | J11: =IF(OR(D11="",E11="",E11=0),"",D11/E11-1) | K11: =IF(OR(F11="",$F$22=0),"",F11/$F$22) | L11: =IF(K11="","",IF(K11>$D$4,"⚠️ تمرکز بالا",""))
F12: =IF(OR(B12="",D12=""),"",B12*D12*(1-$D$2)) | G12: =IF(OR(B12="",C12=""),"",B12*C12) | H12: =IF(OR(F12="",G12=""),"",F12-G12) | I12: =IF(OR(H12="",G12="",G12=0),"",H12/G12) | J12: =IF(OR(D12="",E12="",E12=0),"",D12/E12-1) | K12: =IF(OR(F12="",$F$22=0),"",F12/$F$22) | L12: =IF(K12="","",IF(K12>$D$4,"⚠️ تمرکز بالا",""))
F13: =IF(OR(B13="",D13=""),"",B13*D13*(1-$D$2)) | G13: =IF(OR(B13="",C13=""),"",B13*C13) | H13: =IF(OR(F13="",G13=""),"",F13-G13) | I13: =IF(OR(H13="",G13="",G13=0),"",H13/G13) | J13: =IF(OR(D13="",E13="",E13=0),"",D13/E13-1) | K13: =IF(OR(F13="",$F$22=0),"",F13/$F$22) | L13: =IF(K13="","",IF(K13>$D$4,"⚠️ تمرکز بالا",""))
F14: =IF(OR(B14="",D14=""),"",B14*D14*(1-$D$2)) | G14: =IF(OR(B14="",C14=""),"",B14*C14) | H14: =IF(OR(F14="",G14=""),"",F14-G14) | I14: =IF(OR(H14="",G14="",G14=0),"",H14/G14) | J14: =IF(OR(D14="",E14="",E14=0),"",D14/E14-1) | K14: =IF(OR(F14="",$F$22=0),"",F14/$F$22) | L14: =IF(K14="","",IF(K14>$D$4,"⚠️ تمرکز بالا",""))
F15: =IF(OR(B15="",D15=""),"",B15*D15*(1-$D$2)) | G15: =IF(OR(B15="",C15=""),"",B15*C15) | H15: =IF(OR(F15="",G15=""),"",F15-G15) | I15: =IF(OR(H15="",G15="",G15=0),"",H15/G15) | J15: =IF(OR(D15="",E15="",E15=0),"",D15/E15-1) | K15: =IF(OR(F15="",$F$22=0),"",F15/$F$22) | L15: =IF(K15="","",IF(K15>$D$4,"⚠️ تمرکز بالا",""))
F16: =IF(OR(B16="",D16=""),"",B16*D16*(1-$D$2)) | G16: =IF(OR(B16="",C16=""),"",B16*C16) | H16: =IF(OR(F16="",G16=""),"",F16-G16) | I16: =IF(OR(H16="",G16="",G16=0),"",H16/G16) | J16: =IF(OR(D16="",E16="",E16=0),"",D16/E16-1) | K16: =IF(OR(F16="",$F$22=0),"",F16/$F$22) | L16: =IF(K16="","",IF(K16>$D$4,"⚠️ تمرکز بالا",""))
F17: =IF(OR(B17="",D17=""),"",B17*D17*(1-$D$2)) | G17: =IF(OR(B17="",C17=""),"",B17*C17) | H17: =IF(OR(F17="",G17=""),"",F17-G17) | I17: =IF(OR(H17="",G17="",G17=0),"",H17/G17) | J17: =IF(OR(D17="",E17="",E17=0),"",D17/E17-1) | K17: =IF(OR(F17="",$F$22=0),"",F17/$F$22) | L17: =IF(K17="","",IF(K17>$D$4,"⚠️ تمرکز بالا",""))
F18: =IF(OR(B18="",D18=""),"",B18*D18*(1-$D$2)) | G18: =IF(OR(B18="",C18=""),"",B18*C18) | H18: =IF(OR(F18="",G18=""),"",F18-G18) | I18: =IF(OR(H18="",G18="",G18=0),"",H18/G18) | J18: =IF(OR(D18="",E18="",E18=0),"",D18/E18-1) | K18: =IF(OR(F18="",$F$22=0),"",F18/$F$22) | L18: =IF(K18="","",IF(K18>$D$4,"⚠️ تمرکز بالا",""))
F19: =IF(OR(B19="",D19=""),"",B19*D19*(1-$D$2)) | G19: =IF(OR(B19="",C19=""),"",B19*C19) | H19: =IF(OR(F19="",G19=""),"",F19-G19) | I19: =IF(OR(H19="",G19="",G19=0),"",H19/G19) | J19: =IF(OR(D19="",E19="",E19=0),"",D19/E19-1) | K19: =IF(OR(F19="",$F$22=0),"",F19/$F$22) | L19: =IF(K19="","",IF(K19>$D$4,"⚠️ تمرکز بالا",""))
F20: =IF(OR(B20="",D20=""),"",B20*D20*(1-$D$2)) | G20: =IF(OR(B20="",C20=""),"",B20*C20) | H20: =IF(OR(F20="",G20=""),"",F20-G20) | I20: =IF(OR(H20="",G20="",G20=0),"",H20/G20) | J20: =IF(OR(D20="",E20="",E20=0),"",D20/E20-1) | K20: =IF(OR(F20="",$F$22=0),"",F20/$F$22) | L20: =IF(K20="","",IF(K20>$D$4,"⚠️ تمرکز بالا",""))
A22: جمع پرتفوی | F22: =SUM(F6:F20) -> 40639200 | G22: =SUM(G6:G20) -> 38500000 | H22: =SUM(H6:H20) -> 2139200 | I22: =IF(G22=0,"",H22/G22) -> 0.055563636
A23: کل دارایی (پرتفوی + قدرت خرید) | F23: =F22+D3 -> 60538609
A24: بزرگ‌ترین وزن یک نماد | F24: =IF(COUNT(K6:K20)=0,"",MAX(K6:K20)) -> 0.43902439
A26: قیمت‌ها را خودت از اپ کارگزاری بنویس (این فایل به بورس وصل نیست). ردیف‌های «نمونه» را پاک کن. آموزشی است و توصیه‌ی خرید/فروش یا سرمایه‌گذاری نیست.
