Workbook

Sheet راهنما
A1: Metatya | پرتفوی بورس (رایگان)
A3: چطور استفاده کنم؟
A4: ۱) در برگه‌ی «تنظیمات»، کارمزد و مالیات را طبق کارگزاری و قانون روز خودت وارد کن (اعداد پیش‌فرض فقط نمونه‌اند).
A5: ۲) در «پرتفوی» برای هر نماد: تعداد، میانگین قیمت خرید و آخرین قیمت را بنویس (قیمت را از کارگزاری یا سایت رسمی بردار).
A6: ۳) «خلاصه» ارزش کل، سود/زیان خالص، سهم هر نماد و هشدار تمرکز را نشان می‌دهد.
A7: ۴) هفته‌ای یک بار آخرین قیمت‌ها را به‌روز کن و ستون «وضعیت» را بخوان.
A8: خانه‌ی زرد با متن آبی = ورودی شما؛ متن مشکی = فرمول (دست نزنید). ردیف‌های «نمونه» را قبل از شروع پاک کنید (فقط ورودی‌ها).
A9: سلب مسئولیت: این فایل ابزار ثبت و آموزش است، نه توصیه‌ی خرید، فروش یا نگهداری هیچ نمادی. نمادها و اعداد داخل فایل «نمونه‌ی فرضی» هستند. قیمت‌ها لحظه‌ای نیستند و به‌صورت دستی وارد می‌شوند. بازار سهام ریسک زیان دارد.
A10: Metatya · t.me/maytya · youtube.com/@maytyaFx · instagram.com/maytyafx

Sheet تنظیمات
A1: تنظیمات
A3: پارامتر | B3: مقدار | C3: توضیح
A4: کارمزد خرید ٪ | B4: 0.003 | C4: نمونه؛ از کارگزاری خودت بپرس
A5: کارمزد فروش ٪ | B5: 0.003 | C5: نمونه
A6: مالیات فروش ٪ | B6: 0.005 | C6: نمونه؛ طبق قانون روز
A7: حداکثر سهم مجاز هر نماد ٪ | B7: 0.25 | C7: قاعده‌ی شخصی تنوع‌بخشی؛ عدد انتخابی با خودت است
A8: آستانه‌ی بازنگری زیان ٪ | B8: -0.1 | C8: اگر زیان بیشتر شد، قاعده‌ی خروج مکتوبت را مرور کن
A9: وجه نقد / قدرت خرید (ریال) | B9: 5000000 | C9: اختیاری

Sheet پرتفوی
A1: پرتفوی من
A3: نماد | B3: تعداد | C3: میانگین قیمت خرید | D3: آخرین قیمت | E3: بهای تمام‌شده (با کارمزد) | F3: ارزش فعلی | G3: سود/زیان خالص | H3: سود/زیان ٪ | I3: سهم از پرتفوی | J3: وضعیت
A4: سهم نمونه ۱ | B4: 3000 | C4: 18000 | D4: 24500 | E4: =IF(OR(B4="",C4=""),"",B4*C4*(1+تنظیمات!$B$4)) -> 54162000 | F4: =IF(OR(B4="",D4=""),"",B4*D4) -> 73500000 | G4: =IF(OR(E4="",F4=""),"",F4*(1-تنظیمات!$B$5-تنظیمات!$B$6)-E4) -> 18750000 | H4: =IF(OR(G4="",E4=0),"",G4/E4) -> 0.34618367 | I4: =IF(OR(F4="",SUM(F$4:F$33)=0),"",F4/SUM(F$4:F$33)) -> 0.53201115 | J4: =IF(H4="","",IF(I4>تنظیمات!$B$7,"⚠️ تمرکز بالا",IF(H4<=تنظیمات!$B$8,"🔎 مرور قاعده‌ی خروج","✓"))) -> ⚠️ تمرکز بالا
A5: سهم نمونه ۲ | B5: 400 | C5: 12500 | D5: 11200 | E5: =IF(OR(B5="",C5=""),"",B5*C5*(1+تنظیمات!$B$4)) -> 5015000 | F5: =IF(OR(B5="",D5=""),"",B5*D5) -> 4480000 | G5: =IF(OR(E5="",F5=""),"",F5*(1-تنظیمات!$B$5-تنظیمات!$B$6)-E5) -> -570840 | H5: =IF(OR(G5="",E5=0),"",G5/E5) -> -0.11382652 | I5: =IF(OR(F5="",SUM(F$4:F$33)=0),"",F5/SUM(F$4:F$33)) -> 0.032427346 | J5: =IF(H5="","",IF(I5>تنظیمات!$B$7,"⚠️ تمرکز بالا",IF(H5<=تنظیمات!$B$8,"🔎 مرور قاعده‌ی خروج","✓"))) -> 🔎 مرور قاعده‌ی خروج
A6: سهم نمونه ۳ | B6: 1200 | C6: 30000 | D6: 33900 | E6: =IF(OR(B6="",C6=""),"",B6*C6*(1+تنظیمات!$B$4)) -> 36108000 | F6: =IF(OR(B6="",D6=""),"",B6*D6) -> 40680000 | G6: =IF(OR(E6="",F6=""),"",F6*(1-تنظیمات!$B$5-تنظیمات!$B$6)-E6) -> 4246560 | H6: =IF(OR(G6="",E6=0),"",G6/E6) -> 0.11760718 | I6: =IF(OR(F6="",SUM(F$4:F$33)=0),"",F6/SUM(F$4:F$33)) -> 0.29445188 | J6: =IF(H6="","",IF(I6>تنظیمات!$B$7,"⚠️ تمرکز بالا",IF(H6<=تنظیمات!$B$8,"🔎 مرور قاعده‌ی خروج","✓"))) -> ⚠️ تمرکز بالا
A7: سهم نمونه ۴ | B7: 150 | C7: 95000 | D7: 90500 | E7: =IF(OR(B7="",C7=""),"",B7*C7*(1+تنظیمات!$B$4)) -> 14292750 | F7: =IF(OR(B7="",D7=""),"",B7*D7) -> 13575000 | G7: =IF(OR(E7="",F7=""),"",F7*(1-تنظیمات!$B$5-تنظیمات!$B$6)-E7) -> -826350 | H7: =IF(OR(G7="",E7=0),"",G7/E7) -> -0.057816026 | I7: =IF(OR(F7="",SUM(F$4:F$33)=0),"",F7/SUM(F$4:F$33)) -> 0.098259202 | J7: =IF(H7="","",IF(I7>تنظیمات!$B$7,"⚠️ تمرکز بالا",IF(H7<=تنظیمات!$B$8,"🔎 مرور قاعده‌ی خروج","✓"))) -> ✓
A8: سهم نمونه ۵ | B8: 800 | C8: 7400 | D8: 7400 | E8: =IF(OR(B8="",C8=""),"",B8*C8*(1+تنظیمات!$B$4)) -> 5937760 | F8: =IF(OR(B8="",D8=""),"",B8*D8) -> 5920000 | G8: =IF(OR(E8="",F8=""),"",F8*(1-تنظیمات!$B$5-تنظیمات!$B$6)-E8) -> -65120 | H8: =IF(OR(G8="",E8=0),"",G8/E8) -> -0.010967099 | I8: =IF(OR(F8="",SUM(F$4:F$33)=0),"",F8/SUM(F$4:F$33)) -> 0.042850422 | J8: =IF(H8="","",IF(I8>تنظیمات!$B$7,"⚠️ تمرکز بالا",IF(H8<=تنظیمات!$B$8,"🔎 مرور قاعده‌ی خروج","✓"))) -> ✓
E9: =IF(OR(B9="",C9=""),"",B9*C9*(1+تنظیمات!$B$4)) | F9: =IF(OR(B9="",D9=""),"",B9*D9) | G9: =IF(OR(E9="",F9=""),"",F9*(1-تنظیمات!$B$5-تنظیمات!$B$6)-E9) | H9: =IF(OR(G9="",E9=0),"",G9/E9) | I9: =IF(OR(F9="",SUM(F$4:F$33)=0),"",F9/SUM(F$4:F$33)) | J9: =IF(H9="","",IF(I9>تنظیمات!$B$7,"⚠️ تمرکز بالا",IF(H9<=تنظیمات!$B$8,"🔎 مرور قاعده‌ی خروج","✓")))
E10: =IF(OR(B10="",C10=""),"",B10*C10*(1+تنظیمات!$B$4)) | F10: =IF(OR(B10="",D10=""),"",B10*D10) | G10: =IF(OR(E10="",F10=""),"",F10*(1-تنظیمات!$B$5-تنظیمات!$B$6)-E10) | H10: =IF(OR(G10="",E10=0),"",G10/E10) | I10: =IF(OR(F10="",SUM(F$4:F$33)=0),"",F10/SUM(F$4:F$33)) | J10: =IF(H10="","",IF(I10>تنظیمات!$B$7,"⚠️ تمرکز بالا",IF(H10<=تنظیمات!$B$8,"🔎 مرور قاعده‌ی خروج","✓")))
E11: =IF(OR(B11="",C11=""),"",B11*C11*(1+تنظیمات!$B$4)) | F11: =IF(OR(B11="",D11=""),"",B11*D11) | G11: =IF(OR(E11="",F11=""),"",F11*(1-تنظیمات!$B$5-تنظیمات!$B$6)-E11) | H11: =IF(OR(G11="",E11=0),"",G11/E11) | I11: =IF(OR(F11="",SUM(F$4:F$33)=0),"",F11/SUM(F$4:F$33)) | J11: =IF(H11="","",IF(I11>تنظیمات!$B$7,"⚠️ تمرکز بالا",IF(H11<=تنظیمات!$B$8,"🔎 مرور قاعده‌ی خروج","✓")))
E12: =IF(OR(B12="",C12=""),"",B12*C12*(1+تنظیمات!$B$4)) | F12: =IF(OR(B12="",D12=""),"",B12*D12) | G12: =IF(OR(E12="",F12=""),"",F12*(1-تنظیمات!$B$5-تنظیمات!$B$6)-E12) | H12: =IF(OR(G12="",E12=0),"",G12/E12) | I12: =IF(OR(F12="",SUM(F$4:F$33)=0),"",F12/SUM(F$4:F$33)) | J12: =IF(H12="","",IF(I12>تنظیمات!$B$7,"⚠️ تمرکز بالا",IF(H12<=تنظیمات!$B$8,"🔎 مرور قاعده‌ی خروج","✓")))
E13: =IF(OR(B13="",C13=""),"",B13*C13*(1+تنظیمات!$B$4)) | F13: =IF(OR(B13="",D13=""),"",B13*D13) | G13: =IF(OR(E13="",F13=""),"",F13*(1-تنظیمات!$B$5-تنظیمات!$B$6)-E13) | H13: =IF(OR(G13="",E13=0),"",G13/E13) | I13: =IF(OR(F13="",SUM(F$4:F$33)=0),"",F13/SUM(F$4:F$33)) | J13: =IF(H13="","",IF(I13>تنظیمات!$B$7,"⚠️ تمرکز بالا",IF(H13<=تنظیمات!$B$8,"🔎 مرور قاعده‌ی خروج","✓")))
E14: =IF(OR(B14="",C14=""),"",B14*C14*(1+تنظیمات!$B$4)) | F14: =IF(OR(B14="",D14=""),"",B14*D14) | G14: =IF(OR(E14="",F14=""),"",F14*(1-تنظیمات!$B$5-تنظیمات!$B$6)-E14) | H14: =IF(OR(G14="",E14=0),"",G14/E14) | I14: =IF(OR(F14="",SUM(F$4:F$33)=0),"",F14/SUM(F$4:F$33)) | J14: =IF(H14="","",IF(I14>تنظیمات!$B$7,"⚠️ تمرکز بالا",IF(H14<=تنظیمات!$B$8,"🔎 مرور قاعده‌ی خروج","✓")))
E15: =IF(OR(B15="",C15=""),"",B15*C15*(1+تنظیمات!$B$4)) | F15: =IF(OR(B15="",D15=""),"",B15*D15) | G15: =IF(OR(E15="",F15=""),"",F15*(1-تنظیمات!$B$5-تنظیمات!$B$6)-E15) | H15: =IF(OR(G15="",E15=0),"",G15/E15) | I15: =IF(OR(F15="",SUM(F$4:F$33)=0),"",F15/SUM(F$4:F$33)) | J15: =IF(H15="","",IF(I15>تنظیمات!$B$7,"⚠️ تمرکز بالا",IF(H15<=تنظیمات!$B$8,"🔎 مرور قاعده‌ی خروج","✓")))
E16: =IF(OR(B16="",C16=""),"",B16*C16*(1+تنظیمات!$B$4)) | F16: =IF(OR(B16="",D16=""),"",B16*D16) | G16: =IF(OR(E16="",F16=""),"",F16*(1-تنظیمات!$B$5-تنظیمات!$B$6)-E16) | H16: =IF(OR(G16="",E16=0),"",G16/E16) | I16: =IF(OR(F16="",SUM(F$4:F$33)=0),"",F16/SUM(F$4:F$33)) | J16: =IF(H16="","",IF(I16>تنظیمات!$B$7,"⚠️ تمرکز بالا",IF(H16<=تنظیمات!$B$8,"🔎 مرور قاعده‌ی خروج","✓")))
E17: =IF(OR(B17="",C17=""),"",B17*C17*(1+تنظیمات!$B$4)) | F17: =IF(OR(B17="",D17=""),"",B17*D17) | G17: =IF(OR(E17="",F17=""),"",F17*(1-تنظیمات!$B$5-تنظیمات!$B$6)-E17) | H17: =IF(OR(G17="",E17=0),"",G17/E17) | I17: =IF(OR(F17="",SUM(F$4:F$33)=0),"",F17/SUM(F$4:F$33)) | J17: =IF(H17="","",IF(I17>تنظیمات!$B$7,"⚠️ تمرکز بالا",IF(H17<=تنظیمات!$B$8,"🔎 مرور قاعده‌ی خروج","✓")))
E18: =IF(OR(B18="",C18=""),"",B18*C18*(1+تنظیمات!$B$4)) | F18: =IF(OR(B18="",D18=""),"",B18*D18) | G18: =IF(OR(E18="",F18=""),"",F18*(1-تنظیمات!$B$5-تنظیمات!$B$6)-E18) | H18: =IF(OR(G18="",E18=0),"",G18/E18) | I18: =IF(OR(F18="",SUM(F$4:F$33)=0),"",F18/SUM(F$4:F$33)) | J18: =IF(H18="","",IF(I18>تنظیمات!$B$7,"⚠️ تمرکز بالا",IF(H18<=تنظیمات!$B$8,"🔎 مرور قاعده‌ی خروج","✓")))
E19: =IF(OR(B19="",C19=""),"",B19*C19*(1+تنظیمات!$B$4)) | F19: =IF(OR(B19="",D19=""),"",B19*D19) | G19: =IF(OR(E19="",F19=""),"",F19*(1-تنظیمات!$B$5-تنظیمات!$B$6)-E19) | H19: =IF(OR(G19="",E19=0),"",G19/E19) | I19: =IF(OR(F19="",SUM(F$4:F$33)=0),"",F19/SUM(F$4:F$33)) | J19: =IF(H19="","",IF(I19>تنظیمات!$B$7,"⚠️ تمرکز بالا",IF(H19<=تنظیمات!$B$8,"🔎 مرور قاعده‌ی خروج","✓")))
E20: =IF(OR(B20="",C20=""),"",B20*C20*(1+تنظیمات!$B$4)) | F20: =IF(OR(B20="",D20=""),"",B20*D20) | G20: =IF(OR(E20="",F20=""),"",F20*(1-تنظیمات!$B$5-تنظیمات!$B$6)-E20) | H20: =IF(OR(G20="",E20=0),"",G20/E20) | I20: =IF(OR(F20="",SUM(F$4:F$33)=0),"",F20/SUM(F$4:F$33)) | J20: =IF(H20="","",IF(I20>تنظیمات!$B$7,"⚠️ تمرکز بالا",IF(H20<=تنظیمات!$B$8,"🔎 مرور قاعده‌ی خروج","✓")))
... E33: =IF(OR(B33="",C33=""),"",B33*C33*(1+تنظیمات!$B$4)) | F33: =IF(OR(B33="",D33=""),"",B33*D33) | G33: =IF(OR(E33="",F33=""),"",F33*(1-تنظیمات!$B$5-تنظیمات!$B$6)-E33) | H33: =IF(OR(G33="",E33=0),"",G33/E33) | I33: =IF(OR(F33="",SUM(F$4:F$33)=0),"",F33/SUM(F$4:F$33)) | J33: =IF(H33="","",IF(I33>تنظیمات!$B$7,"⚠️ تمرکز بالا",IF(H33<=تنظیمات!$B$8,"🔎 مرور قاعده‌ی خروج","✓")))

Sheet خلاصه
A1: خلاصه‌ی پرتفوی
A3: شاخص | B3: مقدار
A4: تعداد نمادها | B4: =COUNT(پرتفوی!B4:B33) -> 5
A5: بهای تمام‌شده‌ی کل | B5: =SUM(پرتفوی!E4:E33) -> 115515510
A6: ارزش فعلی (ناخالص) | B6: =SUM(پرتفوی!F4:F33) -> 138155000
A7: سود/زیان خالص کل | B7: =SUM(پرتفوی!G4:G33) -> 21534250
A8: سود/زیان خالص ٪ | B8: =IF(B5=0,"",B7/B5) -> 0.18641869
A9: وجه نقد | B9: =تنظیمات!B9 -> 5000000
A10: کل دارایی (سهام + نقد) | B10: =B6+B9 -> 143155000
A11: بیشترین سهم یک نماد | B11: =IFERROR(MAX(پرتفوی!I4:I33),"") -> 0.53201115
A12: تعداد نمادهای زیان‌ده | B12: =COUNTIF(پرتفوی!G4:G33,"<0") -> 3
A13: نسبت نمادهای سودده | B13: =IF(B4=0,"",COUNTIF(پرتفوی!G4:G33,">0")/B4) -> 0.4
A14: وضعیت تمرکز | B14: =IF(B11="","",IF(B11>تنظیمات!B7,"⚠️ از سقف شخصی تو بیشتر است","✓ در محدوده")) -> ⚠️ از سقف شخصی تو بیشتر است
A17: سود/زیان خالص یعنی پس از کسر کارمزد خرید و فروش و مالیات فروش طبق ورودی‌های تنظیمات؛ فقط برآورد است.
